Category,Ministry,Scheme,Actuals_2021,BE_2022,BE_2023,Growth_percent
Demand No. 1,Department of Agriculture and Farmers Welfare,Crop Insurance Scheme,13549.24,15500,13625,-12.09677419
Demand No. 1,Department of Agriculture and Farmers Welfare,Interest Subsidy for Short Term Credit to Farmers,21476.93,0,0,
Demand No. 1,Department of Agriculture and Farmers Welfare,Modified Interest Subvention Scheme (MISS),0,19500,23000,17.94871795
Demand No. 1,Department of Agriculture and Farmers Welfare,Market Intervention Scheme and Price Support Scheme (MIS-PSS),2288.33,1500,0.01,-99.99933333
Demand No. 1,Department of Agriculture and Farmers Welfare,Pradhan Mantri Annadata Aay Sanrakshan Yojna (PM-AASHA),0,1,0.01,-99
Demand No. 1,Department of Agriculture and Farmers Welfare,Distribution of Pulses to State / Union Territories for Welfare Schemes,50,9,800,8788.888889
Demand No. 1,Department of Agriculture and Farmers Welfare,Promotion of Agricultural Mechanization for in-situ Management of Crop Residue,691.3,0,0,
Demand No. 1,Department of Agriculture and Farmers Welfare,Pradhan Mantri Kisan Samman Nidhi (PM-Kisan),66825.11,68000,60000,-11.76470588
Demand No. 1,Department of Agriculture and Farmers Welfare,Pradhan Mantri Kisan Man Dhan Yojana,39.5,100,100,0
Demand No. 1,Department of Agriculture and Farmers Welfare,"Formation and Promotion of 10,000 Farmer Producer Organizations (FPOs)",427.04,500,955,91
Demand No. 1,Department of Agriculture and Farmers Welfare,Agriculture Infrastructure Fund (AIF),21.43,500,500,0
Demand No. 1,Department of Agriculture and Farmers Welfare,National Beekeeping Honey Mission (NBHM),0,100,0.01,-99.99
Demand No. 2,Department of Agricultural Research and Education,Agricultural Extension,283.71,243.72,327,34.17035943
Demand No. 2,Department of Agricultural Research and Education,Agricultural Engineering,54.9,48.3,65,34.57556936
Demand No. 2,Department of Agricultural Research and Education,Natural Resource Management Institutes including Agro Forestry Research,167.56,144.9,240,65.63146998
Demand No. 2,Department of Agricultural Research and Education,Climate Resilient Agriculture Initiative,47,40.87,0,-100
Demand No. 2,Department of Agricultural Research and Education,Crop Science,603.28,526.08,714.41,35.79873783
Demand No. 2,Department of Agricultural Research and Education,Horticultural Science,181.46,157.53,212,34.57754079
Demand No. 2,Department of Agricultural Research and Education,National Agricultural Science Fund,42,35.67,0,-100
Demand No. 2,Department of Agricultural Research and Education,Animal Science,257.59,224.41,300,33.68388218
Demand No. 2,Department of Agricultural Research and Education,Fisheries Science,137.99,118.89,150,26.16704517
Demand No. 2,Department of Agricultural Research and Education,Agricultural Universities and Institutions,299.94,263.77,322.74,22.35659855
Demand No. 2,Department of Agricultural Research and Education,Economic Statistics and Management,27.65,24.51,0,-100
Demand No. 2,Department of Agricultural Research and Education,National Agricultural Higher Education Project (EAP),224.63,167.18,92.26,-44.81397296
Demand No. 3,Atomic Energy,R&D projects of Bhabha Atomic Research Centre (BARC),1308.77,1258.94,1012.9,-19.54342542
Demand No. 3,Atomic Energy,R&D projects of Indira Gandhi Centre of Atomic Research (IGCAR),232.92,244.04,214.41,-12.14145222
Demand No. 3,Atomic Energy,R&D projects of Raja Ramanna Centre for Advanced Technology (RRCAT),89.26,100,140.69,40.69
Demand No. 3,Atomic Energy,R&D projects of Atomic Minerals Directorate for Exploration and Research (AMDER),144.06,171.37,221.75,29.39837778
Demand No. 3,Atomic Energy,Grants to other Institutions,61.88,71,100,40.84507042
Demand No. 3,Atomic Energy,Fuel Recycle Projects (NRB),646.13,800,805.21,0.65125
Demand No. 3,Atomic Energy,Housing Projects,216.74,182.5,206.9,13.36986301
Demand No. 3,Atomic Energy,Improvement/Modifications of Heavy water projects,33.42,25.97,50.23,93.4154794
Demand No. 3,Atomic Energy,Feedstock,1080.02,1419.16,1599.47,12.7054032
Demand No. 3,Atomic Energy,Radiation and Isotopes Project (BRIT),27.14,38.71,44.14,14.02738311
Demand No. 3,Atomic Energy,Nuclear Power Projects,78.39,294.39,442.28,50.23608139
Demand No. 3,Atomic Energy,Nuclear Fuel Fabrication Projects,639.67,597.5,763.61,27.80083682
Demand No. 3,Atomic Energy,Atomic Energy Regulatory Board Expansion Project,23.56,44.72,15.81,-64.64669052
Demand No. 3,Atomic Energy,R&D projects of Variable Energy Cyclotron Centre (VECC),34.99,67.21,73.62,9.537271239
Demand No. 3,Atomic Energy,Research and Development Projects,1256.3,963.02,839.68,-12.80762601
Demand No. 3,Atomic Energy,Industries and Minerals Projects,79,109,85.25,-21.78899083
Demand No. 3,Atomic Energy,Fast Reactor Fuel Cycle Projects (FRFCF) Kalpakkam,430.82,660,515.5,-21.89393939
Demand No. 3,Atomic Energy,Nuclear Fuel Inventory,-1732.1,388.29,-168.26,-143.3335909
Demand No. 4,Ministry of Ayush,Assistance to accredited AYUSH Centres of Excellence in Non Governmental/ Private Sector engaged in AYUSH education/drug Development and Research/ Clinical Research/ Folk Medicine etc,0.02,0,0,
Demand No. 4,Ministry of Ayush,AYUSH and Public Health,0.51,0,0,
Demand No. 4,Ministry of Ayush,"Information, Education and Communication",30.04,43.88,41,-6.563354603
Demand No. 4,Ministry of Ayush,Promotion of International Cooperation,62.94,86.1,44.27,-48.58304297
Demand No. 4,Ministry of Ayush,Re-oreintation Training Programme of AYUSH Personnel/Continuing Medical Education (ROTP/CME),4.8,0,0,
Demand No. 4,Ministry of Ayush,Extra Mural Research Projects through Research Institutes etc.,2.14,0,0,
Demand No. 4,Ministry of Ayush,Champion Services Sector Scheme,19.13,60.22,21.68,-63.99867154
Demand No. 4,Ministry of Ayush,Programme on 'Ayurveda-Biology Integrated Health Research',0,0.5,0,-100
Demand No. 4,Ministry of Ayush,Pradhan Mantri VRIKSH AYUSH Yojana,0,1,0,-100
Demand No. 4,Ministry of Ayush,AYURGYAN,4.49,15.5,9,-41.93548387
Demand No. 4,Ministry of Ayush,Ayurswasthay Yojana,35,27.79,6,-78.40949982
Demand No. 4,Ministry of Ayush,AYUSH Oushadhi Gunvatta evum Uttapadan Samvardhan Yojana (AOGUSY),1.77,23.5,20,-14.89361702
Demand No. 4,Ministry of Ayush,"Central Sector Scheme for Conservation, Development and Sustainable Management of Medicinal Plants",31.3,48.49,43.49,-10.31140441
Demand No. 5,Department of Chemicals and Petrochemicals,Chemical Promotion and Development Scheme,3.14,3,0,-100
Demand No. 5,Department of Chemicals and Petrochemicals,Promotion of Petrochemicals,51.57,48.5,0,-100
Demand No. 5,Department of Chemicals and Petrochemicals,New Schemes of Petrochemicals,0,0,22,
Demand No. 6,Department of Fertilisers,Urea Subsidy,100988.13,63222.32,131100.12,107.3636652
Demand No. 6,Department of Fertilisers,Nutrient Based Subsidy,52769.97,42000,44000,4.761904762
Demand No. 6,Department of Fertilisers,Scheme for promotion of flagging of merchant ships in India,0,0,3.25,
Demand No. 7,Department of Pharmaceuticals,National Institutes of Pharmaceutical Education and Research (NIPERs),350,350,550,57.14285714
Demand No. 7,Department of Pharmaceuticals,Jan Aushadhi Scheme,68.5,72.5,115,58.62068966
Demand No. 7,Department of Pharmaceuticals,Development of Pharmaceutical Industry,157.08,0,0,
Demand No. 7,Department of Pharmaceuticals,Consumer Awareness Publicity and Price Monitoring,2.81,6,5,-16.66666667
Demand No. 7,Department of Pharmaceuticals,Development of Pharmaceutical Indsutry,0,100,1250,1150
Demand No. 7,Department of Pharmaceuticals,Production Linked Incentive Schemes,0,1629,1200,-26.33517495
Demand No. 8,Ministry of Civil Aviation,Regional Connectivity Scheme,980.27,600.71,1244.07,107.0999317
Demand No. 8,Ministry of Civil Aviation,Purchase of two new aircraft for Special Extra Section Flight operations.,129.89,39.32,0.01,-99.97456765
Demand No. 8,Ministry of Civil Aviation,Air India Asset Holding Limited (SPV),1378,9259.91,0,-100
Demand No. 8,Ministry of Civil Aviation,Krishi Udaan Scheme,0,0.01,0.01,0
Demand No. 8,Ministry of Civil Aviation,Production Linked Incentive (PLI) Scheme for Drone and Drone Component,0,0,33,
Demand No. 9,Ministry of Coal,Research and Development,8.35,10,21,110
Demand No. 9,Ministry of Coal,"Conservation, Safety and Infrastructure Development in Coal Mines",62.68,54.54,92.5,69.60029336
Demand No. 9,Ministry of Coal,Exploration of Coal and Lignite,425.05,250,0,-100
Demand No. 10,Department of Commerce,Agricultural Product Export Development Authority (APEDA),85,80,80,0
Demand No. 10,Department of Commerce,Marine Product Export Development Authority (MPEDA),126.05,116,100,-13.79310345
Demand No. 10,Department of Commerce,Trade Infrastructure for Export Schemes (TIES),74.99,71,71,0
Demand No. 10,Department of Commerce,Duty Drawback Scheme,234.07,221,180,-18.5520362
Demand No. 10,Department of Commerce,Tea Board,157.37,131.92,135,2.334748332
Demand No. 10,Department of Commerce,Coffee Board,164.57,226.21,226.2,-0.004420671
Demand No. 10,Department of Commerce,Rubber Board,263.95,268.76,268.76,0
Demand No. 10,Department of Commerce,Spices Board,115.5,115.5,115.5,0
Demand No. 10,Department of Commerce,Market Access Initiative,140,200,200,0
Demand No. 10,Department of Commerce,National Export Insurance Account,744,450,0,-100
Demand No. 10,Department of Commerce,Gems and Jewellery Sector,7.59,,0,
Demand No. 10,Department of Commerce,Investment in ECGC (Export Credit Guarantee Corporation),760,400,0.01,-99.9975
Demand No. 10,Department of Commerce,Interest Equalisation Scheme,3487.97,2621.5,2932,11.84436391
Demand No. 10,Department of Commerce,Project Development Fund,0,16.5,1.99,-87.93939394
Demand No. 10,Department of Commerce,Champion Service Sector Scheme on Transportation and Logistics,0,0.01,0,-100
Demand No. 10,Department of Commerce,Centre For Research on International Trade-CRIT (Centre for WTO Studies),21,41,41,0
Demand No. 10,Department of Commerce,Transport and Marketing Assistance (TMA) Scheme for specified agriculture products,249.99,250,0.01,-99.996
Demand No. 11,Department for Promotion of Industry and Internal Trade,Indian Leather Development Programme (ILDP),228.46,0,0,
Demand No. 11,Department for Promotion of Industry and Internal Trade,"Footwear, Leather and Accessories Development Programme (FLADP)",0,208,250,20.19230769
Demand No. 11,Department for Promotion of Industry and Internal Trade,Industrial Infrastructure Upgradation Scheme (IIUS),2.71,5.08,5,-1.57480315
Demand No. 11,Department for Promotion of Industry and Internal Trade,Price and Production Statistics,17.25,16.23,17.85,9.981515712
Demand No. 11,Department for Promotion of Industry and Internal Trade,National Industrial Corridor Development and Implementation Trust (NICDIT),859.1,1500,2000,33.33333333
Demand No. 11,Department for Promotion of Industry and Internal Trade,"Exhibition-Cum-Convention Centre, Dwarka",245.58,0,0,
Demand No. 11,Department for Promotion of Industry and Internal Trade,Scheme for Investment Promotion,202.47,189,195,3.174603175
Demand No. 11,Department for Promotion of Industry and Internal Trade,Fund of Funds,1330,1000,1470,47
Demand No. 11,Department for Promotion of Industry and Internal Trade,Credit Guarantee Fund,0,0,250,
Demand No. 11,Department for Promotion of Industry and Internal Trade,Startup India,20.18,50,30,-40
Demand No. 11,Department for Promotion of Industry and Internal Trade,Startup India Seed Fund Scheme (SISFS),100,283.5,160,-43.56261023
Demand No. 11,Department for Promotion of Industry and Internal Trade,Ease of Doing Business,9.13,12,10,-16.66666667
Demand No. 11,Department for Promotion of Industry and Internal Trade,Production Linked Incentive Scheme (PLI) for White Goods (ACs and LED Lights),1.18,3.54,65,1736.158192
Demand No. 11,Department for Promotion of Industry and Internal Trade,North Eastern Industrial and Investment Promotion Policy (NEIPP),180,20,200,900
Demand No. 11,Department for Promotion of Industry and Internal Trade,North East Industrial Development Scheme (NEIDS) 2017,30,150,400,166.6666667
Demand No. 11,Department for Promotion of Industry and Internal Trade,Transport/Freight Subsidy Scheme,382.95,300,50,-83.33333333
Demand No. 11,Department for Promotion of Industry and Internal Trade,"Package for Special Catagory States for Jammu and Kashmir,  Himachal Pradesh and Uttarakhand",28.33,29.5,8,-72.88135593
Demand No. 11,Department for Promotion of Industry and Internal Trade,"Industrial Development Scheme, 2017 for Union Territory of Jammu & Kashmir and Union Territory of Ladakh",43.41,110,50,-54.54545455
Demand No. 11,Department for Promotion of Industry and Internal Trade,"Industrial Development Scheme for Himachal Pradesh & Uttarakhand, 2017",131.9,31.9,250,683.6990596
Demand No. 11,Department for Promotion of Industry and Internal Trade,Industrial Development of UT of Jammu and Kashmir,1.79,150,150,0
Demand No. 11,Department for Promotion of Industry and Internal Trade,"Industrial Development of Ladakh, 2022",0,0,97.3,
Demand No. 11,Department for Promotion of Industry and Internal Trade,Refund of Central and Integrated GST to Industrial Units in North Eastern Region and Himalayan States,3904.3,3631.64,1713.88,-52.80699629
Demand No. 12,Department of Posts,Postal Operation,897.85,965.5,1144.31,18.51993786
Demand No. 12,Department of Posts,Financial Services,3.32,0,0,
Demand No. 12,Department of Posts,India Post Payments Bank,200,200,250,25
Demand No. 12,Department of Posts,Human Resource Management,18.95,25,34,36
Demand No. 12,Department of Posts,Estates Management,56.73,65,100,53.84615385
Demand No. 13,Department of Telecommunications,Compensation to Service Providers for creation and augmentation of telecom infrastructure,8300,9000,10400,15.55555556
Demand No. 13,Department of Telecommunications,Optical Fibre Cable based network for Defence Services,3069.91,1961,2158,10.04589495
Demand No. 13,Department of Telecommunications,Domestic Industry Incentivisation Scheme,0,0,915,
Demand No. 13,Department of Telecommunications,Wireless Planning and Coordination,59.17,76.01,756.42,895.1585318
Demand No. 13,Department of Telecommunications,Telecom Engineering Centre,2.15,15,12,-20
Demand No. 13,Department of Telecommunications,Technology Development and  Investment Promotion,2.96,19,0,-100
Demand No. 13,Department of Telecommunications,Construction of  Office Building,0,0.01,0,-100
Demand No. 13,Department of Telecommunications,Telecom Testing and Security Certification Centre,0,10,24,140
Demand No. 13,Department of Telecommunications,Telecom Computer Emergency Response Team(T-Cert),16,31.8,351.34,1004.842767
Demand No. 13,Department of Telecommunications,Central Equipments Identity Register (CEIR),11.59,13,0,-100
Demand No. 13,Department of Telecommunications,Funding to BSNL for providing Telecom Connectivity for Amarnath Yatra,0,1,1,0
Demand No. 13,Department of Telecommunications,5G Connectivity Test Bed,10.21,10,5.56,-44.4
Demand No. 13,Department of Telecommunications,Champion Services Sector Scheme,8.56,3.5,0,-100
Demand No. 13,Department of Telecommunications,Production Linked Incentive (PLI) Scheme to Promote Telecom and Networking Products Manufacturing in India,0,527.68,0,-100
Demand No. 13,Department of Telecommunications,Digital Intelligence Unit Project,0,10,220,2100
Demand No. 14,Department of Consumer Affairs,Price Stabilisation Fund,2030.83,1500,0.01,-99.99933333
Demand No. 14,Department of Consumer Affairs,CONFONET,32,27,29.4,8.888888889
Demand No. 14,Department of Consumer Affairs,Consumer Awareness (Advertising and Publicity),7.84,25,17.99,-28.04
Demand No. 14,Department of Consumer Affairs,Consumer Helplines,0.4,0,0,
Demand No. 14,Department of Consumer Affairs,Consumer Protection Cell,6.55,7,7.6,8.571428571
Demand No. 14,Department of Consumer Affairs,Price Monitoring Structure,1.44,1.5,6,300
Demand No. 14,Department of Consumer Affairs,"Strengthening Consumer Forum, Consumer Counseling and Mediation",2.79,6,7,16.66666667
Demand No. 14,Department of Consumer Affairs,Bureau of Indian Standard,0,0.75,0.5,-33.33333333
Demand No. 14,Department of Consumer Affairs,National Test House,12.4,14.75,17,15.25423729
Demand No. 14,Department of Consumer Affairs,Strengthening of Weights and Measures Infrastructure and Strengthening of Regional Reference Standard Laboratories and Indian Institute of Legal Metrology,17.79,17,28,64.70588235
Demand No. 15,Department of Food and Public Distribution,Food Subsidy  to Food Corporation of India under National Food Security Act.,208929,145919.9,137207,-5.971015605
Demand No. 15,Department of Food and Public Distribution,Food Subsidy for Decentralized Procurement of Foodgrains under NFSA,79789.54,60561.19,59793,-1.268452618
Demand No. 15,Department of Food and Public Distribution,Sugar Subsidy payable under Public Distribution System,250,350,350,0
Demand No. 15,Department of Food and Public Distribution,Assistance to State Agencies for intra-state movement of foodgrains and FPS dealers margin under NFSA,6000,0,0,
Demand No. 15,Department of Food and Public Distribution,Scheme for Assistance to Sugar Mills for 2018-19 season,122.18,0,0,
Demand No. 15,Department of Food and Public Distribution,Scheme for Creation and Maintenance of Buffer Stock of 40 LMT of Sugar,607.7,0,0,
Demand No. 15,Department of Food and Public Distribution,Scheme for Creation and Maintenance of Buffer Stock of Sugar,96.04,0,0,
Demand No. 15,Department of Food and Public Distribution,Scheme for Assistance to Sugar Mills for 2019-20 season,2120.86,0,0,
Demand No. 15,Department of Food and Public Distribution,Scheme for extending financial assistance to sugar mills for enhancement and augmentation of ethanol production capacity,160,300,400,33.33333333
Demand No. 15,Department of Food and Public Distribution,"Scheme for defraying expenditure towards internal transport, freight, handling and other charges on export",3.1,0,0,
Demand No. 15,Department of Food and Public Distribution,"Scheme for providing assistance to Sugar Mills for expenses on marketing costs including handling, upgrading and other processing costs and costs of international and internal transport and freight charges on export of sugar",3477.62,0,0,
Demand No. 15,Department of Food and Public Distribution,Schemes for Development of Sugar Industries,143.1,84.81,10,-88.20893763
Demand No. 15,Department of Food and Public Distribution,Strengthening of PDS Operations,0.87,2,5,150
Demand No. 15,Department of Food and Public Distribution,Integrated Management of Public Distribution System,23.76,40,0,-100
Demand No. 15,Department of Food and Public Distribution,Storage and Godowns,6.22,33.2,103.57,211.9578313
Demand No. 15,Department of Food and Public Distribution,Actual Recoveries,-0.54,0,0,
Demand No. 16,Ministry of Cooperation,Integrated Scheme on Agriculture Cooperation (ISAC),0,50,0.01,-99.98
Demand No. 16,Ministry of Cooperation,Cooperative Credit Guarantee Fund,0,1,0,-100
Demand No. 16,Ministry of Cooperation,Co-operative Education,0,30,30,0
Demand No. 16,Ministry of Cooperation,Cooperative Training,0,25,25,0
Demand No. 17,Ministry of Corporate Affairs,Champion Service Sector Scheme on Accounting and Finance Services,0,0.01,0,-100
Demand No. 17,Ministry of Corporate Affairs,Corporate Data Management (CDM),4.45,5.67,0.02,-99.64726631
Demand No. 17,Ministry of Corporate Affairs,Data Mining System (DMS),0.18,0.5,0,-100
Demand No. 18,Ministry of Culture,"Centenaries and Anniversaries,  Celebrations and Schemes",125.64,110,185,68.18181818
Demand No. 18,Ministry of Culture,Kala Sanskriti Vikas Yojana,156.46,186.85,210.49,12.65185978
Demand No. 18,Ministry of Culture,Development of Museums,142.72,180,183.86,2.144444444
Demand No. 18,Ministry of Culture,Development of Libraries and Archives,1.52,23,26.02,13.13043478
Demand No. 18,Ministry of Culture,Global Engagement and International Cooperation,9.86,13.57,25.55,88.28297716
Demand No. 18,Ministry of Culture,National mission on cultural mapping and roadmap,0,19.13,19.82,3.606900157
Demand No. 19,Ministry of Defence (Civil),Transfer to Central Road and Infrastructure Fund,3500,3500,0,-100
Demand No. 19,Ministry of Defence (Civil),Works under Border Roads Development Board,-18.83,0,5000,
Demand No. 19,Ministry of Defence (Civil),Grants to States for Strategic Roads,49.41,55,55,0
Demand No. 19,Ministry of Defence (Civil),Other works,828.09,1000,950,-5
Demand No. 21,Capital Outlay on Defence Services,Land-Army,403.93,580,291,-49.82758621
Demand No. 21,Capital Outlay on Defence Services,Construction Works-Army,4488.68,5596.41,6788.54,21.30169162
Demand No. 21,Capital Outlay on Defence Services,Aircrafts and Aeroengines-Army,2113.31,2070,5500,165.7004831
Demand No. 21,Capital Outlay on Defence Services,Heavy and Medium Vehicles,1508.17,1817.17,3000,65.09187363
Demand No. 21,Capital Outlay on Defence Services,Other equipment-Army,16532,21721.68,21300,-1.941286309
Demand No. 21,Capital Outlay on Defence Services,Rolling Stock,48.73,100,163,63
Demand No. 21,Capital Outlay on Defence Services,Rashtriya Rifles,28.9,100,100,0
Demand No. 21,Capital Outlay on Defence Services,National Cadet Corps,6.48,13,13,0
Demand No. 21,Capital Outlay on Defence Services,Ex-Servicemen Contributory Health Scheme,1.2,17,86,405.8823529
Demand No. 21,Capital Outlay on Defence Services,Military Farms,-0.46,0,0,
Demand No. 21,Capital Outlay on Defence Services,Land-Navy,36.62,17,1550.9,9022.941176
Demand No. 21,Capital Outlay on Defence Services,Construction Works-Navy,1413.06,1056.31,1900.1,79.88090617
Demand No. 21,Capital Outlay on Defence Services,Aircrafts and Aeroengines,7330.71,5925.94,7000,18.12471945
Demand No. 21,Capital Outlay on Defence Services,Heavy and Medium Vehicles,9.88,30,90,200
Demand No. 21,Capital Outlay on Defence Services,Other equipment-Navy,6691.5,6000,9500,58.33333333
Demand No. 21,Capital Outlay on Defence Services,Naval Fleet,24927.92,29452,24200,-17.83240527
Demand No. 21,Capital Outlay on Defence Services,Naval Dockyard/projects,4046.56,3842.06,6725,75.03630865
Demand No. 21,Capital Outlay on Defence Services,Joint Staff,572.38,1267.68,1838.75,45.04843494
Demand No. 21,Capital Outlay on Defence Services,Land-Air Force,1.93,547.18,340.27,-37.81388209
Demand No. 21,Capital Outlay on Defence Services,Construction Works-Air Force,2181.41,2663.52,2342.31,-12.05960533
Demand No. 21,Capital Outlay on Defence Services,Aircrafts and Aeroengines-Air Force,29930.29,18966.18,15721.65,-17.10692401
Demand No. 21,Capital Outlay on Defence Services,Heavy and Medium Vehicles-Air Force,98.32,210,947.94,351.4
Demand No. 21,Capital Outlay on Defence Services,Other equipment-Air Force,18946.56,32308.9,36223.13,12.11502094
Demand No. 21,Capital Outlay on Defence Services,Special Projects,668.05,890.87,1561.79,75.31065139
Demand No. 21,Capital Outlay on Defence Services,Defence Ordnance Factories,196.59,0,5,
Demand No. 21,Capital Outlay on Defence Services,Emergency Authorisation for newly created DPSUs,2500,2500,0,-100
Demand No. 21,Capital Outlay on Defence Services,Research  and Development,10263.45,11981.81,12850,7.245900244
Demand No. 21,Capital Outlay on Defence Services,Inspection - Director General Quality Audit (DGQA),7.17,20,20,0
Demand No. 21,Capital Outlay on Defence Services,Projects of the Army,0,100,100,0
Demand No. 21,Capital Outlay on Defence Services,Projects of the Air Force,1390.63,1264.9,1131.62,-10.53680133
Demand No. 21,Capital Outlay on Defence Services,Investment in Public Enterprises,1643,1310,1310,0
Demand No. 23,Ministry of Development of North Eastern Region,Schemes of North East Council,386.82,644.42,800,24.14263989
Demand No. 23,Ministry of Development of North Eastern Region,Schemes of North East Council - Special Development Projects,133.1,57.45,0,-100
Demand No. 23,Ministry of Development of North Eastern Region,Central Pool of Resources for North East and Sikkim,512.99,0,0,
Demand No. 23,Ministry of Development of North Eastern Region,North East Special Infrastructure Development Scheme (NESIDS),790.26,1418.79,2491,75.57214246
Demand No. 23,Ministry of Development of North Eastern Region,North East States Road PMU (ADB Assisted),0.54,0.3,0,-100
Demand No. 23,Ministry of Development of North Eastern Region,North East Road Sector Development Scheme,689.57,495.96,0,-100
Demand No. 23,Ministry of Development of North Eastern Region,Bodoland Territorial Council,3.31,30,0,-100
Demand No. 23,Ministry of Development of North Eastern Region,Karbi Anglong Autonomous Territorial Council,67.44,40,0,-100
Demand No. 23,Ministry of Development of North Eastern Region,Dima Hasao Territorial Council,-1.51,35,0,-100
Demand No. 23,Ministry of Development of North Eastern Region,North East Enterprise Development Scheme (NEEDS) erstwhile Loan to North East Development Finance Corporation,40,50,60,20
Demand No. 23,Ministry of Development of North Eastern Region,Social and Infrastructure Development Fund,-2.18,0,0,
Demand No. 23,Ministry of Development of North Eastern Region,Special Development Packages,0,0,300,
Demand No. 23,Ministry of Development of North Eastern Region,Prime Minister's Development Initiative for North East Region (PM-DevINE),0,0,2200,
Demand No. 24,Ministry of Earth Sciences,"Ocean services, Modelling, Application, Resources and Technology (O-SMART)",382.08,460,460,0
Demand No. 24,Ministry of Earth Sciences,Atmosphere and Climate Research - Modelling Observing Systems and Services (ACROSS),247,460,680,47.82608696
Demand No. 24,Ministry of Earth Sciences,Polar Science and Cryosphere (PACER),107.99,140.24,146,4.107244723
Demand No. 24,Ministry of Earth Sciences,Seismological and Geoscience (SAGE),64.89,100,120,20
Demand No. 24,Ministry of Earth Sciences,"Research, Education and Training Outreach (REACHOUT)",56.34,65,65,0
Demand No. 24,Ministry of Earth Sciences,Deep Ocean Mission (DOM),119.03,650,600,-7.692307692
Demand No. 25,Department of School Education and Literacy,National Award to Teachers,0.8,5,0,-100
Demand No. 25,Department of School Education and Literacy,Pradhan Mantri Innovative Learning Programme (DHRUV),0,3.26,0.01,-99.69325153
Demand No. 25,Department of School Education and Literacy,National Means cum Merit Scholarship Scheme,251.98,350,364,4
Demand No. 26,Department of Higher Education,National Research Professors,0.38,0.27,0.27,0
Demand No. 26,Department of Higher Education,"Establishment of multi disciplinary research universities including Central University of Himalayan Studies (CUHS), creation of Centres of Excellence and National Centre for Excellence in humanities",0,0.01,0,-100
Demand No. 26,Department of Higher Education,Higher Education Financing Agency (HEFA),0,0.01,0,-100
Demand No. 26,Department of Higher Education,World Class Institutions,1046.31,1700,1500,-11.76470588
Demand No. 26,Department of Higher Education,Prime Minister's Girls' Hostel,0,20,10,-50
Demand No. 26,Department of Higher Education,Indian Knowledge Systems,10,10,20,100
Demand No. 26,Department of Higher Education,Glue Grant for Higher Education Institutes,0,10,10,0
Demand No. 26,Department of Higher Education,Interest Subsidy and contribution for Guarantee Funds,1385.21,1400,0,-100
Demand No. 26,Department of Higher Education,Scholarship for College and University students,191.96,252.85,0,-100
Demand No. 26,Department of Higher Education,Special Scholarship Scheme for Jammu and Kashmir,184,225,0,-100
Demand No. 26,Department of Higher Education,PM Uchchatar Shiksha Protsahan (PM-USP) Yojna,0,0,1554,
Demand No. 26,Department of Higher Education,PM Research Fellowship,111.19,200,400,100
Demand No. 26,Department of Higher Education,National Mission in Education Through ICT,85.51,400,400,0
Demand No. 26,Department of Higher Education,Setting up of virtual classrooms and massive open online courses (MOOCs),80.33,0,0,
Demand No. 26,Department of Higher Education,e-shodh Sindhu,150,0,0,
Demand No. 26,Department of Higher Education,Higher Education Statistics and Public Information  System (HESPIS),2.06,10,10,0
Demand No. 26,Department of Higher Education,National Digital Library,4.88,0,0,
Demand No. 26,Department of Higher Education,National Academic Depository,0,0.1,0,-100
Demand No. 26,Department of Higher Education,PM e-Vidya,0,0.01,0,-100
Demand No. 26,Department of Higher Education,Academic Bank of Credits (ABC),28.79,10.9,10,-8.256880734
Demand No. 26,Department of Higher Education,National Inititative for Design Innovation,4.47,17.8,10,-43.82022472
Demand No. 26,Department of Higher Education,Startup India Initiative in Higher Educational Institutions,29.32,60,11.21,-81.31666667
Demand No. 26,Department of Higher Education,Unnat Bharat Abhiyan,6.55,12.6,9.4,-25.3968254
Demand No. 26,Department of Higher Education,Implementation of the IMPRINT Research Initiative (Impacting Research Innovation and Technology),3.54,10,5,-50
Demand No. 26,Department of Higher Education,Impactful Policy Research in Social Science (IMPRESS),0,17.26,0,-100
Demand No. 26,Department of Higher Education,Scheme for Promotion of Academic and Research Collaboration (SPARC),0,74,50,-32.43243243
Demand No. 26,Department of Higher Education,Scheme for Transformational and Advanced Research in Sciences (STARS),10.56,25,25,0
Demand No. 26,Department of Higher Education,Multidisciplinary Education and Research Improvement in Technical Education-EAP (MERITE),2,2,100,4900
Demand No. 26,Department of Higher Education,Pandit Madan Mohan Malviya National Mission on Teachers and Teaching,23.38,95,45,-52.63157895
Demand No. 26,Department of Higher Education,National Institutional Ranking Framework,3,4,4.5,12.5
Demand No. 26,Department of Higher Education,Global Initiative for Academic Network (GIAN),0,10,10,0
Demand No. 26,Department of Higher Education,Technical Education Quality Improvement Programme of Government of India (EAP),34.68,0,0,
Demand No. 26,Department of Higher Education,Programme for Apprenticeship Training,96.75,500,0,-100
Demand No. 26,Department of Higher Education,National Apprenticeship Training Scheme (NATS),0,0,440,
Demand No. 26,Department of Higher Education,Study in India,15,25,25,0
Demand No. 26,Department of Higher Education,Planning Administration and Global Engagement,61.48,110.2,115.65,4.945553539
Demand No. 26,Department of Higher Education,ASEAN Fellowship,1.03,10,3,-70
Demand No. 26,Department of Higher Education,Education Services-Internationalization of Higher Education,95.65,200,200,0
Demand No. 27,Ministry of Electronics and Information Technology,Electronic Governance,312.39,525,555.74,5.855238095
Demand No. 27,Ministry of Electronics and Information Technology,Manpower Development,272.26,350,0,-100
Demand No. 27,Ministry of Electronics and Information Technology,National Knowledge Network,500,650,352,-45.84615385
Demand No. 27,Ministry of Electronics and Information Technology,"Promotion of Electronics and IT HW Manufacturing  (MSIPS, EDF and Manufacturing Clusters)",1193.02,2403,700,-70.86974615
Demand No. 27,Ministry of Electronics and Information Technology,PLI for Large Scale Electronics and IT Hardware,0,5300,0,-100
Demand No. 27,Ministry of Electronics and Information Technology,Promotion of IT/ITeS Industries,69.8,100,150,50
Demand No. 27,Ministry of Electronics and Information Technology,Cyber Security Projects,310.51,300,400,33.33333333
Demand No. 27,Ministry of Electronics and Information Technology,R and D in IT/Electronics/CCBT,502.04,598.17,600,0.305933096
Demand No. 27,Ministry of Electronics and Information Technology,Pradhan Mantri Gramin Digital Saksharta Abhiyan (PMGDISHA),300,250,0,-100
Demand No. 27,Ministry of Electronics and Information Technology,Promotion of Digital payment,1044.34,200,1500,650
Demand No. 27,Ministry of Electronics and Information Technology,Champion Service Sector Scheme,0,0.01,0,-100
Demand No. 27,Ministry of Electronics and Information Technology,Capacity Building and Skill Development Scheme,0,0,537.5,
Demand No. 27,Ministry of Electronics and Information Technology,Modified Programme for Development of Semiconductors and Display Manufacturing Ecosystem in India,0,0,3000,
Demand No. 27,Ministry of Electronics and Information Technology,Production Linked Incentive Scheme (PLI),0,0,4645.04,
Demand No. 28,"Ministry of Environment, Forests and Climate Change",Forestry Training and Capacity Building,4.96,8.62,0,-100
Demand No. 28,"Ministry of Environment, Forests and Climate Change",Eco-Task Force,110,70,0,-100
Demand No. 28,"Ministry of Environment, Forests and Climate Change",Environmental Knowledge and Capacity Building,0,0,92.86,
Demand No. 28,"Ministry of Environment, Forests and Climate Change",National Coastal Mission (NCM),27.79,195,12.5,-93.58974359
Demand No. 28,"Ministry of Environment, Forests and Climate Change",Hazardous Substances Management (HSM),4.9,4.5,0,-100
Demand No. 28,"Ministry of Environment, Forests and Climate Change",Climate Change Action Plan,24.91,30,0,-100
Demand No. 28,"Ministry of Environment, Forests and Climate Change",National Adaptation Fund,59.78,60,0,-100
Demand No. 28,"Ministry of Environment, Forests and Climate Change",National Mission on Himalayan Studies,35.5,48,0,-100
Demand No. 28,"Ministry of Environment, Forests and Climate Change","Environmental Education, Awareness and Training",54.54,58.7,0,-100
Demand No. 28,"Ministry of Environment, Forests and Climate Change",Environment Information Systems (ENVIS),27.16,23.5,0,-100
Demand No. 28,"Ministry of Environment, Forests and Climate Change",R and D for Conservation and Development,6.21,4.75,0,-100
Demand No. 28,"Ministry of Environment, Forests and Climate Change","Environment Education, Awareness, Research and Skill Development",0,0,87.4,
Demand No. 28,"Ministry of Environment, Forests and Climate Change",Control of Pollution,406.7,460,756,64.34782609
Demand No. 29,Ministry of External Affairs,Bhutan,1646.56,2266.24,2400.58,5.927880542
Demand No. 29,Ministry of External Affairs,Afghanistan,166.37,200,200,0
Demand No. 29,Ministry of External Affairs,Bangladesh,219.53,300,200,-33.33333333
Demand No. 29,Ministry of External Affairs,Nepal,446.43,750,550,-26.66666667
Demand No. 29,Ministry of External Affairs,Sri Lanka,48.56,200,150,-25
Demand No. 29,Ministry of External Affairs,Maldives,246.1,360,400,11.11111111
Demand No. 29,Ministry of External Affairs,Myanmar,598.25,600,400,-33.33333333
Demand No. 29,Ministry of External Affairs,Mongolia,0,12,7,-41.66666667
Demand No. 29,Ministry of External Affairs,African Countries,141.92,250,250,0
Demand No. 29,Ministry of External Affairs,Eurasian Countries,83.96,140,75,-46.42857143
Demand No. 29,Ministry of External Affairs,Latin American Countries,37.69,40,50,25
Demand No. 29,Ministry of External Affairs,Other Developing Countries,83.7,150,150,0
Demand No. 29,Ministry of External Affairs,Disaster Relief,0.76,10,5,-50
Demand No. 29,Ministry of External Affairs,Chabahar Port,100,100,100,0
Demand No. 29,Ministry of External Affairs,Mauritius,839.16,900,460.79,-48.80111111
Demand No. 29,Ministry of External Affairs,Seychelles,18.46,14.06,10,-28.87624467
Demand No. 29,Ministry of External Affairs,Support to International Training/Programmes,262.45,447.7,435.21,-2.789814608
Demand No. 29,Ministry of External Affairs,Aid for Cultural & Heritage Project,0,10,5,-50
Demand No. 30,Department of Economic Affairs,National Investment and Infrastructure Fund (NIIF),1238.29,5003.01,2000,-60.02406551
Demand No. 30,Department of Economic Affairs,Viability Gap Funding,29.77,500,500,0
Demand No. 30,Department of Economic Affairs,Indian Companies,170.95,0,0,
Demand No. 30,Department of Economic Affairs,Exim Bank,914.75,0,0,
Demand No. 30,Department of Economic Affairs,Lines of Credit under Indian Development and Economic Assistance Scheme (IDEAS),0,1300,1300,0
Demand No. 30,Department of Economic Affairs,India Infrastructure Project Development Fund (IIPDF),0,0,25,
Demand No. 32,Department of Financial Services,Recapitalization of Public Sector Banks,0,0.01,0.01,0
Demand No. 32,Department of Financial Services,Recapitalization of Public Sector Banks (through Bonds),4600,0,0,
Demand No. 32,Department of Financial Services,Subscription to the Share Capital of Export-Import Bank of India,750,1500,0.01,-99.99933333
Demand No. 32,Department of Financial Services,Recapitalization of Insurance Companies,5000,0.01,0.01,0
Demand No. 32,Department of Financial Services,Subscription to Share Captial of National Bank for Agricultural and Rural Development (NABARD),6084,500,0.01,-99.998
Demand No. 32,Department of Financial Services,Recapitalization of Regional Rural Banks (RRBs),0,1361,0,-100
Demand No. 32,Department of Financial Services,Equity Support to Industrial Finance Corporation of India (IFCI),100,100,0.01,-99.99
Demand No. 32,Department of Financial Services,Grants to ICICI Bank for Externally Aided Components,0,0.01,0.01,0
Demand No. 32,Department of Financial Services,Contribution to Financial Inclusion Fund (FIF) of NABARD to promote AADHAR Enabled Payment System,0,0.01,0.01,0
Demand No. 32,Department of Financial Services,Grants to NABARD to settle the claims under Indo-Swiss Cooperation-VI,0.84,0.84,0.83,-1.19047619
Demand No. 32,Department of Financial Services,Subsidy to National Housing Bank for Interest Subvention on Housing Loans,0,0.01,0.01,0
Demand No. 32,Department of Financial Services,Redemption of Securities issued to Stressed Assets Stablization Fund (SASF),0,0,0.01,
Demand No. 32,Department of Financial Services,Grant to National Bank for Financing Infrastructure and Development,5000,0,0,
Demand No. 32,Department of Financial Services,Government Co-contribution to Atal Pension Yojana,203,200.01,521,160.4869757
Demand No. 32,Department of Financial Services,Interest Subsidy to LIC for Pension Plan for Senior Citizens,49.16,94.56,111.47,17.88282572
Demand No. 32,Department of Financial Services,Pradhan Mantri Jeevan Jyoti Bima Yojna and Pradhan Mantri Suraksha Bima Yojna (Publicity and Awareness),1.06,0.01,1.5,14900
Demand No. 32,Department of Financial Services,Loan Guarantee Scheme for Covid Affected Sectors (LGSCAS),50,250,100,-60
Demand No. 32,Department of Financial Services,Pradhan Mantri Vaya Vandan Yojana (PMVVY),0,473.92,189.7,-59.9721472
Demand No. 32,Department of Financial Services,Pradhan Mantri Mudra Yojana (PMMY)(through NCGTC),0,100,0.01,-99.99
Demand No. 32,Department of Financial Services,Publicity and awareness for Pradhan Mantri Mudra Yojana (PMMY) and other initiatives by MUDRA Ltd.,0,0.01,0.01,0
Demand No. 32,Department of Financial Services,Credit Guarantee Scheme for Micro Finance Institutions (CGSMFI),50,500,100,-80
Demand No. 32,Department of Financial Services,Stand-Up India (through NCGTC),100,0.01,0.01,0
Demand No. 32,Department of Financial Services,Publicity and awareness for Stand-Up India and other initiatives by SIDBI,5,0.01,0.01,0
Demand No. 32,Department of Financial Services,Subsidy to small Industries Development Bank of India (SIDBI) on Interest Subvention of 2 percent for prompt repayment of Shishu Loans (subsidies),0,0.01,0.01,0
Demand No. 32,Department of Financial Services,Capital Support to National Bank for Financing lnfrastructure and Development( NaBFID),20000,0.01,0,-100
Demand No. 32,Department of Financial Services,Compounded interest support scheme for loan moratorium,1832.72,0,0,
Demand No. 32,Department of Financial Services,Swavalamban Scheme-Govt. Co-contribution,0,0,0,
Demand No. 33,Department of Public Enterprises,"Counselling, Retraining and Redeployment (CRR) Scheme",2.26,3.4,3.4,0
Demand No. 33,Department of Public Enterprises,"Research, Development and Consultancy on generic issues related to CPSEs and State Level Public Enterprises",4.53,5.15,6.51,26.40776699
Demand No. 37,Indirect Taxes,Onetime payment of Arrears.,0,0,4080.59,
Demand No. 37,Indirect Taxes,Remission of Duties and Taxes on Exported Products (RoDTEP),0,0,15069.34,
Demand No. 37,Indirect Taxes,Rebate on State and Central Taxes and Levies (RoSCTL),0,0,8404.66,
Demand No. 44,Department of Animal Husbandry and Dairying,Livestock Health and Disease Control Programme,910.74,2000,2349.71,17.4855
Demand No. 44,Department of Animal Husbandry and Dairying,Infrastructure Development Fund,253.14,315,340,7.936507937
Demand No. 45,Ministry of Food Processing Industries,Pradhan Mantri Kisan Sampada Yojana,713.49,900,923.24,2.582222222
Demand No. 45,Ministry of Food Processing Industries,Production-Linked Incentive Scheme for Food Processing Industry,9.27,1022,1530,49.70645793
Demand No. 46,Department of Health and Family Welfare,Pardhan Mantri Swasthya Suraksha Yojana,9269.51,10000,3365,-66.35
Demand No. 46,Department of Health and Family Welfare,National AIDS and STD Control Programme,2126.33,3027.02,3079.97,1.749245132
Demand No. 46,Department of Health and Family Welfare,Global Fund Grant under Covid 19 Response Mechanism 2021(EAP),0,0,495,
Demand No. 46,Department of Health and Family Welfare,Family Welfare Schemes,300.16,484.35,516.6,6.658408176
Demand No. 46,Department of Health and Family Welfare,Establishment and strengthening of NCDC Branches and Health Initiatives Inter Sectoral coordination for preparation and control of Zoonotic Diseases and other neglected tropical diseases surveillance of Viral Hepatitis Anti Microbial Resistance,36.79,71.55,55.54,-22.37596087
Demand No. 46,Department of Health and Family Welfare,National Pharmacovigilance Programme,9.44,10,8.53,-14.7
Demand No. 46,Department of Health and Family Welfare,Development of Nursing Services,12.64,20.43,33.41,63.5340186
Demand No. 46,Department of Health and Family Welfare,Health Sector Disaster Preparedness and Response and Human Resources Development for Emergency Medical Services,32.13,130,128.14,-1.430769231
Demand No. 46,Department of Health and Family Welfare,National Organ Transplant Programme,5.88,15,15.68,4.533333333
Demand No. 46,Department of Health and Family Welfare,India COVID -19 Emergency Response and Health System Preparedness Package (Phase-II) (DBS),1477.58,0,0,
Demand No. 46,Department of Health and Family Welfare,Pradhan Mantri Garib Kalyan Package - Insurance Scheme for Health Care Workers fighting COVID-19,975.83,226,0.01,-99.99557522
Demand No. 46,Department of Health and Family Welfare,Pradhan Mantri Ayushman Bharat Health Infrastructure Mission (PMABHIM) (Health),177.07,978.87,645.86,-34.0198392
Demand No. 46,Department of Health and Family Welfare,National Tele Mental Health Programme,0,0,133.73,
Demand No. 46,Department of Health and Family Welfare,COVID -19 Emergency Response and Health System Preparedness Package - EAP,646.27,0,1.78,
Demand No. 46,Department of Health and Family Welfare,National Digital Health Mission - NHM,27.81,200,341.02,70.51
Demand No. 47,Department of Health Research,Setting up of nation wide network of laboratories for managing epidemics and national calamities,75.79,82,60,-26.82926829
Demand No. 47,Department of Health Research,Development of Infrastructure for Promotion of Health Research,57.61,80,80,0
Demand No. 47,Department of Health Research,Development of tools/support to prevent outbreaks of epidemics,14.8,15,10,-33.33333333
Demand No. 47,Department of Health Research,Human Resource and Capacity Development,59.9,87.65,92.06,5.031374786
Demand No. 47,Department of Health Research,COVID-19 Emergency Response and Health System Preparedness Package-EAP,489.24,0,0,
Demand No. 47,Department of Health Research,Prime Minister's Ayushman Bharat Health Infrastructure Mission (PM-ABHIM)-Bio Security Preparedness and strengthening Pandemic Research and Multi Sector and National Institutions and Platform for One Health,116,690,324.36,-52.99130435
Demand No. 48,Ministry of Heavy Industries,Scheme for Faster Adoption and Manufacturing of (Hybrid and) Electric Vehicle in India - (FAME - India).,800,2908.28,5171.97,77.83604055
Demand No. 48,Ministry of Heavy Industries,Development Council for Automobile and Allied Industries,21.7,28.62,0,-100
Demand No. 48,Ministry of Heavy Industries,Production Linked Incentive (PLI) Scheme for Automobiles and Auto Components,0,3,604,20033.33333
Demand No. 48,Ministry of Heavy Industries,Production Linked Incentive (PLI) Scheme for National Programme on Advanced Chemistry Cell (ACC) Battery Storage,0,3,1,-66.66666667
Demand No. 48,Ministry of Heavy Industries,Enhancement of Competitiveness in the Indian Capital Goods Sector,28.94,200,250,25
Demand No. 48,Ministry of Heavy Industries,Industry Associations and PSUs for undertaking promotional activities,0.05,0.25,0,-100
Demand No. 49,Ministry of Home Affairs,Relief and Rehabilitation for migrants and repatriates,352.33,299.76,301.61,0.617160395
Demand No. 49,Ministry of Home Affairs,Freedom Fighters (pension and other benefits),729.2,688.14,653.08,-5.094893481
Demand No. 49,Ministry of Home Affairs,Helicopter Services,101.06,116,126,8.620689655
Demand No. 49,Ministry of Home Affairs,Infrastructure for Disaster Management,127.64,86.04,141.73,64.72570897
Demand No. 49,Ministry of Home Affairs,National Cyclone Risk Mitigation Project,169.99,300,0,-100
Demand No. 49,Ministry of Home Affairs,Other Disaster Management Schemes,238.11,106.74,251.92,136.0127412
Demand No. 49,Ministry of Home Affairs,Civic Action Programme and Media Plan,23.94,25,30,20
Demand No. 51,Police,"IVFRT (Immigration, Visa and Foreigners Registration and Tracking)",148.39,175,229.25,31
Demand No. 51,Police,"BSF Air Wing, Aircrafts, River Boats and Helibase",86.88,157.33,78.18,-50.30826924
Demand No. 51,Police,Border Infrastructure and Management,2662.11,2744.52,3545.03,29.16757757
Demand No. 51,Police,Police Infrastructure,2838.83,3918.84,3636.66,-7.200600178
Demand No. 51,Police,Narcotics Control Bureau,1.19,5,0,-100
Demand No. 51,Police,Schemes for Safety of Women,100,200,321,60.5
Demand No. 51,Police,Indian Cyber Crime Coordination Centre,1.11,59,94.4,60
Demand No. 51,Police,Modernization Plan IV for Central Armed Police Forces,30.92,248.3,202.27,-18.5380588
Demand No. 51,Police,Inter Operable Criminal Justice System,0,590.6,590.6,0
Demand No. 51,Police,Emergency Response Support System,0,150,0,-100
Demand No. 51,Police,Modernization of Prisons,50,400,250,-37.5
Demand No. 51,Police,Women Help Desk /Strengthening of Anti Human Trafficking Bureau,0,28,0,-100
Demand No. 51,Police,Modernization of Forensic Capacities,0,300,0,-100
Demand No. 60,Ministry of Housing and Urban Affairs,Metro Projects,23262,19130,19518,2.028227914
Demand No. 60,Ministry of Housing and Urban Affairs,Kochi Metro Rail Project Phase 1 A,0,0,0,
Demand No. 60,Ministry of Housing and Urban Affairs,Transport Planning and Capacity Building in Urban Transport,23.33,35,61.01,74.31428571
Demand No. 60,Ministry of Housing and Urban Affairs,National Capital Region Transport Corporation,188,4710,3596,-23.65180467
Demand No. 60,Ministry of Housing and Urban Affairs,Residential,2210.82,873.02,667.33,-23.56074317
Demand No. 60,Ministry of Housing and Urban Affairs,Non-residential,2685.79,2600.99,2132.62,-18.00737412
Demand No. 60,Ministry of Housing and Urban Affairs,North Eastern Regional Urban Development Project (NERUDP),98.03,0,0,
Demand No. 60,Ministry of Housing and Urban Affairs,Champion Services Sector Scheme - Nirman Kaushal Vikash Yojana,0,0.01,0,-100
Demand No. 60,Ministry of Housing and Urban Affairs,Prime Minister's Street Vendors' Atmanirbhar Nidhi (PM SVANIDHI),297.82,150,468,212
Demand No. 60,Ministry of Housing and Urban Affairs,Public Health Engineering (PHE) Sector Development Scheme,1.66,2,2,0
Demand No. 61,Ministry of Information and Broadcasting,Prasar Bharati,161.68,315,0,-100
Demand No. 61,Ministry of Information and Broadcasting,Information,211.21,184,0,-100
Demand No. 61,Ministry of Information and Broadcasting,Films,77.85,127.16,0,-100
Demand No. 61,Ministry of Information and Broadcasting,Strengthening of Broadcasting Activities,1.92,3.84,0,-100
Demand No. 61,Ministry of Information and Broadcasting,Broadcasting Infrastructure Network Development,0,0,600,
Demand No. 61,Ministry of Information and Broadcasting,Development Communication and Dissemination of Filmic Content,0,0,300,
Demand No. 61,Ministry of Information and Broadcasting,Development Communication and Information Dissemination,0,0,200,
Demand No. 61,Ministry of Information and Broadcasting,Supporting Community Radio Movement in India,0,0,5,
Demand No. 62,"Department of Water Resources, River Development and Ganga Rejuvenation",Farakka Barrage Project,1.83,110.98,55.98,-49.55847901
Demand No. 62,"Department of Water Resources, River Development and Ganga Rejuvenation",Dam Rehabilitation and Improvement Programme,23,100,50,-50
Demand No. 62,"Department of Water Resources, River Development and Ganga Rejuvenation",National Ganga Plan and Ghat Works,1394.03,0,0,
Demand No. 62,"Department of Water Resources, River Development and Ganga Rejuvenation",National Ganga Plan,0,2800,4000,42.85714286
Demand No. 62,"Department of Water Resources, River Development and Ganga Rejuvenation",National River Conservation Plan,498.67,0,0,
Demand No. 62,"Department of Water Resources, River Development and Ganga Rejuvenation",River Basin Management,168.31,97,110,13.40206186
Demand No. 62,"Department of Water Resources, River Development and Ganga Rejuvenation",Development of Water Resources Information System,155.23,185,162.13,-12.36216216
Demand No. 62,"Department of Water Resources, River Development and Ganga Rejuvenation",Ground Water Management and Regulation,168.99,375,330,-12
Demand No. 62,"Department of Water Resources, River Development and Ganga Rejuvenation",National Hydrology Project,388.74,800,500,-37.5
Demand No. 62,"Department of Water Resources, River Development and Ganga Rejuvenation",Research and Development and Implementation of National Water Mission,30.79,52.88,50,-5.446293495
Demand No. 62,"Department of Water Resources, River Development and Ganga Rejuvenation",HRD/Capacity Building Programme,4.6,0,0,
Demand No. 62,"Department of Water Resources, River Development and Ganga Rejuvenation",Infrastructure Development,5.06,0,0,
Demand No. 62,"Department of Water Resources, River Development and Ganga Rejuvenation",Atal Bhujal Yojna,0,700,1000,42.85714286
Demand No. 64,Ministry of Labour and Employment,Labour and Employment Statistical System (LESS),39.98,89,110,23.59550562
Demand No. 64,Ministry of Labour and Employment,Labour Welfare Scheme,64.22,120,75,-37.5
Demand No. 64,Ministry of Labour and Employment,Bima Yojana for Unorganised Workers,0,0.1,0,-100
Demand No. 64,Ministry of Labour and Employment,"Employees Pension Scheme, 1995",18478.33,8485,9167,8.037713612
Demand No. 64,Ministry of Labour and Employment,Social Security for Plantation Workers in Assam,50,60,60,0
Demand No. 64,Ministry of Labour and Employment,Pradhan Mantri Shram Yogi Maandhan,324.23,350,350,0
Demand No. 64,Ministry of Labour and Employment,Pradhan Mantri Karam Yogi Maandhan,0.24,50,3,-94
Demand No. 64,Ministry of Labour and Employment,Aatmanirbhar Bharat Rojgar Yojana,3930.61,6400,2272.82,-64.4871875
Demand No. 64,Ministry of Labour and Employment,National database for Unorganized Workers,255.24,500,300,-40
Demand No. 64,Ministry of Labour and Employment,National Child Labour Project including grants in aid to voluntary agencies and reimbursement of assistance to bonded labour,22.14,30,20,-33.33333333
Demand No. 64,Ministry of Labour and Employment,"Coaching and Guidance for SC,ST and Other Backward Classes",0,0,25,
Demand No. 64,Ministry of Labour and Employment,National Career Services,0,0,52,
Demand No. 65,Law and Justice,Designing Innovative Solutions for Holistic Access to Justice in India(DISHA),39.96,40,40,0
Demand No. 65,Law and Justice,e-Courts Phase II,98.29,0,0,
Demand No. 65,Law and Justice,e-Courts Phase III,0,1,0.01,-99
Demand No. 68,"Ministry of Micro, Small and Medium Enterprises",Khadi Grant (KG),374.25,0,0,
Demand No. 68,"Ministry of Micro, Small and Medium Enterprises",Scheme for Fund for Regeneration of Traditional Industries (SFURTI),372.37,334,280,-16.16766467
Demand No. 68,"Ministry of Micro, Small and Medium Enterprises",Coir Vikas Yojana,79.81,80,92,15
Demand No. 68,"Ministry of Micro, Small and Medium Enterprises",Solar Charkha Mission,0,5.04,0,-100
Demand No. 68,"Ministry of Micro, Small and Medium Enterprises",Khadi Vikas Yojana,305.53,0,0,
Demand No. 68,"Ministry of Micro, Small and Medium Enterprises",Gramodyog Vikas Yojana,56.63,0,0,
Demand No. 68,"Ministry of Micro, Small and Medium Enterprises",Khadi Gramodyog Vikas Yojana,0,748.99,917,22.43154114
Demand No. 68,"Ministry of Micro, Small and Medium Enterprises","ASPIRE (Promotion of Innovation, Rural Industry and Entrepreneurship)",8.64,20,22.23,11.15
Demand No. 68,"Ministry of Micro, Small and Medium Enterprises",Credit Linked Capital Subsidy and Technology Upgradation Scheme,112.61,0,0,
Demand No. 68,"Ministry of Micro, Small and Medium Enterprises",MSME Champions Scheme,875,60.72,52.72,-13.17523057
Demand No. 68,"Ministry of Micro, Small and Medium Enterprises",Prime Minister Employment Generation Programme (PMEGP),2889.37,2500,2700,8
Demand No. 68,"Ministry of Micro, Small and Medium Enterprises",Credit Support Programme,1680,0.08,500.08,625000
Demand No. 68,"Ministry of Micro, Small and Medium Enterprises",Interest Subvention Scheme for Incremental Credit to MSMEs,0,0.04,0,-100
Demand No. 68,"Ministry of Micro, Small and Medium Enterprises",Distressed Assets Fund,0,100,0.04,-99.96
Demand No. 68,"Ministry of Micro, Small and Medium Enterprises",Guarantee Emergency Credit Line (GECL) facility to eligible MSME borrowers,7445,15000,14100,-6
Demand No. 68,"Ministry of Micro, Small and Medium Enterprises",Credit Linked Capital Subsidy (CLCS),0,0,1.06,
Demand No. 68,"Ministry of Micro, Small and Medium Enterprises",Procurement and Marketing Support Scheme,5.17,24.96,96.35,286.0176282
Demand No. 68,"Ministry of Micro, Small and Medium Enterprises",International Cooperation Scheme,3.25,13,0,-100
Demand No. 68,"Ministry of Micro, Small and Medium Enterprises","Studies, Publicity & International Cooperation (SPIC)",0,0,36.07,
Demand No. 68,"Ministry of Micro, Small and Medium Enterprises",Mahatma Gandhi Institute for Rural Industrialisation,7.5,10.41,0,-100
Demand No. 68,"Ministry of Micro, Small and Medium Enterprises",Promotional Services Institutions and Programme,130.66,182.82,0,-100
Demand No. 68,"Ministry of Micro, Small and Medium Enterprises","Information, Education and Communication",2.94,6.76,0,-100
Demand No. 68,"Ministry of Micro, Small and Medium Enterprises",Assistance to Training Institutions,47.96,32,30,-6.25
Demand No. 68,"Ministry of Micro, Small and Medium Enterprises",Fund of Funds,180.35,486,575,18.3127572
Demand No. 68,"Ministry of Micro, Small and Medium Enterprises",Entrepreneurship cum Skill Development Programme (ESDP),0,0,80,
Demand No. 68,"Ministry of Micro, Small and Medium Enterprises",Infrastructure Development and Capacity Building,244.49,0,0,
Demand No. 68,"Ministry of Micro, Small and Medium Enterprises",Infrastructure Development and Capacity Building.,0,588.03,0,-100
Demand No. 68,"Ministry of Micro, Small and Medium Enterprises",Establishment of New Technology Centres,24.58,80,450,462.5
Demand No. 68,"Ministry of Micro, Small and Medium Enterprises",Infrastructure Development and Capacity Building- EAP Component,144.76,0,0,
Demand No. 68,"Ministry of Micro, Small and Medium Enterprises",Technology Centre Systems Programme (TCSP) EAP,0,205,350,70.73170732
Demand No. 68,"Ministry of Micro, Small and Medium Enterprises",Construction of Office Accomodation- Capital Outlay on Public Works,12.21,0,0,
Demand No. 68,"Ministry of Micro, Small and Medium Enterprises",Raising and Accelerating MSME Performance - RAMP,0,723,1170,61.82572614
Demand No. 68,"Ministry of Micro, Small and Medium Enterprises",Micro and Small Enterprise-Cluster Development Programme (MSE-CDP),0,0,150,
Demand No. 68,"Ministry of Micro, Small and Medium Enterprises",Tool Rooms & Technical Institutions (TR/TIs),0,0,100,
Demand No. 68,"Ministry of Micro, Small and Medium Enterprises",Promotion of MSMEs in NER and Sikkim,0,0,50,
Demand No. 68,"Ministry of Micro, Small and Medium Enterprises",Database Research Evaluation and Other Office Support Programme,0.24,2,0,-100
Demand No. 68,"Ministry of Micro, Small and Medium Enterprises","Survey, Studies and Policy Research",1.95,5,0,-100
Demand No. 68,"Ministry of Micro, Small and Medium Enterprises",National Schedule Caste/Schedule Tribe Hub Centre,101.87,150,100,-33.33333333
Demand No. 70,Ministry of Minority Affairs,Quami Waqf Board Taraqqiati Scheme and Sahari Waqf Sampati Vikas Yojna,7.72,15,17,13.33333333
Demand No. 70,Ministry of Minority Affairs,Education  Empowerment,2249.9,2515,1689,-32.84294235
Demand No. 70,Ministry of Minority Affairs,Skill  Development and Livelihoods,499.01,491.91,64.4,-86.90817426
Demand No. 70,Ministry of Minority Affairs,Special  Programmes of Minorities,21.84,53,26.1,-50.75471698
Demand No. 70,Ministry of Minority Affairs,PM-Viraasat Ka Samvardhan (PM VIKAS),0,0,540,
Demand No. 71,Ministry of New and Renewable Energy,Solar Power (Off-Grid),160.24,61.5,361.5,487.804878
Demand No. 71,Ministry of New and Renewable Energy,Other Renewable Energy Applications (OREA),0.06,0.1,0,-100
Demand No. 71,Ministry of New and Renewable Energy,Interest Payment and Issuing Expenses on the Bonds,124.35,124.36,0,-100
Demand No. 71,Ministry of New and Renewable Energy,Hydro Power (Grid),27.73,50,30,-40
Demand No. 71,Ministry of New and Renewable Energy,Hydro Power (Off-Grid),0.28,2,1,-50
Demand No. 71,Ministry of New and Renewable Energy,Green Energy Corridor,134.67,300,500,66.66666667
Demand No. 71,Ministry of New and Renewable Energy,Bio Energy Programme,0,0,381.85,
Demand No. 71,Ministry of New and Renewable Energy,Support Programme,0,0,123,
Demand No. 71,Ministry of New and Renewable Energy,Kisan Urja Suraksha evam Utthaan Mahabhiyan (KUSUM ),406.04,1715.9,1996.46,16.35060318
Demand No. 71,Ministry of New and Renewable Energy,National Green Hydrogen Mission,0,0.01,297,2969900
Demand No. 71,Ministry of New and Renewable Energy,Solar Power (Grid),2042.22,3304.03,4970,50.42236299
Demand No. 71,Ministry of New and Renewable Energy,Wind Power (Grid),1100,1050,1214,15.61904762
Demand No. 71,Ministry of New and Renewable Energy,Bio Power (Grid),53.45,50,0,-100
Demand No. 71,Ministry of New and Renewable Energy,Bio Power (Off-Grid),36.44,20,0,-100
Demand No. 71,Ministry of New and Renewable Energy,Biogas Programme (Off-Grid),7.28,30,0,-100
Demand No. 71,Ministry of New and Renewable Energy,Monitoring and Evaluation,0,0.1,0,-100
Demand No. 71,Ministry of New and Renewable Energy,Information and Public Advertising (I&PA),0.57,6,0,-100
Demand No. 71,Ministry of New and Renewable Energy,Human Resources Development and Training,20.01,30.93,0,-100
Demand No. 71,Ministry of New and Renewable Energy,International Relations,3.2,8,0,-100
Demand No. 71,Ministry of New and Renewable Energy,Research and Development,26.92,35,0,-100
Demand No. 72,Ministry of Panchayati Raj,Action Research,0,3,0,-100
Demand No. 72,Ministry of Panchayati Raj,International Contribution,0,0.2,0,-100
Demand No. 72,Ministry of Panchayati Raj,Media and Publicity,0,10,0,-100
Demand No. 72,Ministry of Panchayati Raj,Svamitva,139.99,150,76,-49.33333333
Demand No. 74,"Ministry of Personnel, Public Grievances and Pensions",Training Schemes,103.32,210.75,75.81,-64.02846975
Demand No. 74,"Ministry of Personnel, Public Grievances and Pensions",National Programme for Civil Services Capacity Building,0,0,105.69,
Demand No. 74,"Ministry of Personnel, Public Grievances and Pensions",Administrative Reforms and Pensioners' Scheme,17.32,44.25,0,-100
Demand No. 74,"Ministry of Personnel, Public Grievances and Pensions",Scheme for Administrative Reforms,0,0,21.75,
Demand No. 74,"Ministry of Personnel, Public Grievances and Pensions",Pensioner's Portal,0,0,3.5,
Demand No. 74,"Ministry of Personnel, Public Grievances and Pensions",Integrated Building for Institute of Secretariat Training and Management (ISTM) and other Institute of Department of Personnel and Training (DoPT),0,0,20,
Demand No. 76,Ministry of Petroleum and Natural Gas,Payment of differential royalty to State Governments,0.88,1.11,0,-100
Demand No. 76,Ministry of Petroleum and Natural Gas,Indian Strategic Petroleum Reserve Limited (ISPRL) Phase II (Construction of Cavems),210,600,508,-15.33333333
Demand No. 76,Ministry of Petroleum and Natural Gas,Payment to Indian Strategic Petroleum Reserve Limited (ISPRL) for Crude Oil Reserve,0,0,5000,
Demand No. 76,Ministry of Petroleum and Natural Gas,Payment to ISPRL for Strategic Crude Oil Reserve (O and M),129.49,210.58,202.81,-3.689809099
Demand No. 76,Ministry of Petroleum and Natural Gas,Pradhan Mantri JI-VAN Yojna,151.5,314.36,227.26,-27.70708742
Demand No. 76,Ministry of Petroleum and Natural Gas,National Bio-Fuel Fund,0,1,0,-100
Demand No. 76,Ministry of Petroleum and Natural Gas,Direct Benefit Transfer - LPG,177.06,4000,180,-95.5
Demand No. 76,Ministry of Petroleum and Natural Gas,LPG Connection to Poor Households,1568.44,800,0.01,-99.99875
Demand No. 76,Ministry of Petroleum and Natural Gas,Other subsidy payable including for North Eastern Region,391,811,1633.02,101.3588163
Demand No. 76,Ministry of Petroleum and Natural Gas,Feedstock Subsidy to BCPL/Assam Gas Cracker Complex,1042.92,137.5,392.06,185.1345455
Demand No. 76,Ministry of Petroleum and Natural Gas,Project Management Expenditure,241.65,64,52,-18.75
Demand No. 76,Ministry of Petroleum and Natural Gas,Direct  Benefit Transfer- Kerosene,1.53,0,0,
Demand No. 76,Ministry of Petroleum and Natural Gas,Phulpur Dhamra Haldia Pipeline Project,589.55,0,0,
Demand No. 76,Ministry of Petroleum and Natural Gas,National Seismic Programme,137.31,0,0,
Demand No. 76,Ministry of Petroleum and Natural Gas,Indradhanush Gas Grid Limited(IGGL)-part of the North East Natural Gas Pipeline Grid,850,1798.27,1800,0.096203573
Demand No. 76,Ministry of Petroleum and Natural Gas,Numaligarh Refinery Expansion Project,0,0,500,
Demand No. 76,Ministry of Petroleum and Natural Gas,One-time Grant to PSU OMCs for under recoveries in Domestic LPG,0,0,0,
Demand No. 76,Ministry of Petroleum and Natural Gas,Capital Support to Oil Marketing Companies,0,0,30000,
Demand No. 76,Ministry of Petroleum and Natural Gas,Scheme for promotion of flagging of merchant ships in India,0,0,290.44,
Demand No. 77,Ministry of Planning,Atal Innovation Mission(AIM) including Self Employment and Talent Utilization (SETU),341.96,155.31,155,-0.199600798
Demand No. 77,Ministry of Planning,Ongoing Programme and Schemes,584.39,6.75,4,-40.74074074
Demand No. 77,Ministry of Planning,Official Development Assistance for Sustainable Development Goals (EAP Component),0,0.01,433,4329900
Demand No. 77,Ministry of Planning,State Support Mission,0,0,40,
Demand No. 78,"Ministry of Ports, Shipping and Waterways",Research and Development (Ports),1,1,1.03,3
Demand No. 78,"Ministry of Ports, Shipping and Waterways",Sagarmala,455.56,412.79,450,9.014268757
Demand No. 78,"Ministry of Ports, Shipping and Waterways","Assistance to Ship Building, Research and Development",104.91,112,112,0
Demand No. 78,"Ministry of Ports, Shipping and Waterways",Grants to Inland Water Transport Authority of India,4.14,20,15,-25
Demand No. 78,"Ministry of Ports, Shipping and Waterways",IWAI Projects,76.5,76.5,0,-100
Demand No. 78,"Ministry of Ports, Shipping and Waterways",Actual Recoveries,-53.56,0,0,
Demand No. 79,Ministry of Power,Energy Conservation Schemes,40,60,30.9,-48.5
Demand No. 79,Ministry of Power,Deen Dayal Upadhyaya Gram Jyoti Yojna,4655.23,0,0,
Demand No. 79,Ministry of Power,Integrated Power Development Scheme,8468.64,0,0,
Demand No. 79,Ministry of Power,Strengthening of Power Systems,3295.41,2975.73,2902.62,-2.456876128
Demand No. 79,Ministry of Power,Power System Development Fund,771.71,604.48,1000,65.43144521
Demand No. 79,Ministry of Power,Reform Linked Distribution Scheme,814,7565.59,12071.6,59.55926768
Demand No. 79,Ministry of Power,Scheme for Promoting Energy Efficiency activities in different sectors of Indian Economy,0,0,103.8,
Demand No. 85,Ministry of Railways,Transfer to Central Road and Infrastructure Fund,59700,52700,12049.7,-77.13529412
Demand No. 85,Ministry of Railways,Transfer to National Investment Fund,36800,50000,29434.99,-41.13002
Demand No. 85,Ministry of Railways,New Lines,20783.9,25243,31850,26.17359268
Demand No. 85,Ministry of Railways,Gauge Conversion,2343.47,2850,4600,61.40350877
Demand No. 85,Ministry of Railways,Doubling,8681.95,12108.08,30749.4,153.9576878
Demand No. 85,Ministry of Railways,Computerisation,317.83,470,425,-9.574468085
Demand No. 85,Ministry of Railways,Traffic Facilities - Yard Remodelling and Others,1830.47,2045,6715,228.3618582
Demand No. 85,Ministry of Railways,Railway Research,30.82,51.05,61.5,20.47012733
Demand No. 85,Ministry of Railways,Rolling Stock,13492.54,7977.84,37581,371.0673566
Demand No. 85,Ministry of Railways,Leased assets - Payment of Capital Component,14580.8,22188,22228.57,0.182846584
Demand No. 85,Ministry of Railways,Road Safety Works - Level Crossings,450.36,1000,700,-30
Demand No. 85,Ministry of Railways,Road Safety Works - Road Over/Under Bridges,4225.24,6500,7400,13.84615385
Demand No. 85,Ministry of Railways,Track Renewals,16557.88,13335.47,17296.84,29.70551469
Demand No. 85,Ministry of Railways,"Bridge Works, Turnnel Works and Approaches",1302.18,940,1255,33.5106383
Demand No. 85,Ministry of Railways,Signalling and Telecom,2145.07,2500,4198.22,67.9288
Demand No. 85,Ministry of Railways,Electrification Projects,0.37,0,8070,
Demand No. 85,Ministry of Railways,Other Electrical Works,628.21,650,1650,153.8461538
Demand No. 85,Ministry of Railways,Machinery and Plant,898.18,600,740,23.33333333
Demand No. 85,Ministry of Railways,Workshop Including Production Units,2669.86,2045,4600.5,124.9633252
Demand No. 85,Ministry of Railways,Staff Welfare,473.35,495,628.82,27.03434343
Demand No. 85,Ministry of Railways,Customer Amenities,1995.75,2700,13355,394.6296296
Demand No. 85,Ministry of Railways,Investment in PSU/JV/SPV etc.,25750.57,38686.59,34353.55,-11.20036685
Demand No. 85,Ministry of Railways,Other Specified Works,543.02,740,1300,75.67567568
Demand No. 85,Ministry of Railways,Training/Human Resource Development,76.13,335,305,-8.955223881
Demand No. 85,Ministry of Railways,Stores Suspense,17874.22,20880.32,29512.87,41.34299666
Demand No. 85,Ministry of Railways,Manufacturing Suspense,37550.34,47065.22,55855.18,18.67612645
Demand No. 85,Ministry of Railways,Miscellaneous Advances,1869.26,1082.13,1304.93,20.5890235
Demand No. 85,Ministry of Railways,Metropolitan Transportation Projects,2524.31,2000,2450,22.5
Demand No. 85,Ministry of Railways,Transfer to Rashtirya Rail Sanraksha Kosh,25000,12000,10000,-16.66666667
Demand No. 85,Ministry of Railways,Transfer to Railway Safety Fund,10600,0,45000,
Demand No. 85,Ministry of Railways,Sovereign Green Fund,0,0,12479,
Demand No. 85,Ministry of Railways,Amount met from,-194425.54,-192087.7,-188150.07,-2.049912618
Demand No. 86,Ministry of Road Transport and Highways,National Highways Authority of India,57080.64,134015,162207,21.03645114
Demand No. 86,Ministry of Road Transport and Highways,Road Works,66236.98,64567.86,107713.38,66.82197613
Demand No. 86,Ministry of Road Transport and Highways,Works Financed from  PBFF,0,5.62,0,-100
Demand No. 86,Ministry of Road Transport and Highways,"Research, Training, Studies and Other Road Safety Schemes",163.41,356,330,-7.303370787
Demand No. 86,Ministry of Road Transport and Highways,Actual Recoveries,-61.13,0,0,
Demand No. 87,Department of Rural Development,Management Support to Rural Development Programs and Strengthening of District Planning Process,99.35,212.19,113.49,-46.51491588
Demand No. 87,Department of Rural Development,Socio-Economic and Caste Census Survey,0,0.01,0,-100
Demand No. 87,Department of Rural Development,Grants to National Institute of Rural Development,105.48,0,0,
Demand No. 88,Department of Land Resources,Land Records Modernization Programme,250.02,239.25,195.75,-18.18181818
Demand No. 89,Department of Science and Technology,Science and Technology Institutional and Human Capacity Building,914.79,1128,1068.4,-5.283687943
Demand No. 89,Department of Science and Technology,Research and Development,451.55,604.03,592,-1.991622933
Demand No. 89,Department of Science and Technology,"Innovation, Technology Development and Deployment",680.97,812.52,536.6,-33.95854871
Demand No. 89,Department of Science and Technology,National Mission on Interdisciplinary Cyber Physical Systems,0,350,580,65.71428571
Demand No. 90,Department of Biotechnology,Biotechnology Research and Development,1424.66,1315,1345,2.281368821
Demand No. 90,Department of Biotechnology,Industrial and Entrepreneurship Development,706.43,365,300,-17.80821918
Demand No. 91,Department of Scientific and Industrial Research,Industrial Research and Development,19.13,29,23.3,-19.65517241
Demand No. 91,Department of Scientific and Industrial Research,Assistance to PSEs for Other Scientific Research Schemes,11,10,21.73,117.3
Demand No. 92,Ministry of Skill Development and Entrepreneurship,Skill India Programme,0,0,2278.37,
Demand No. 93,Department of Social Justice and Empowerment,Scholarships for Higher Education for Young Achievers Scheme (SHREYAS) for SCs,271.2,364,371,1.923076923
Demand No. 93,Department of Social Justice and Empowerment,Scheme of Residential Education for Students in High School in Targeted Area (SRESHTA) for SCs,38.03,89,104.65,17.58426966
Demand No. 93,Department of Social Justice and Empowerment,Vanchit Ikai Samooh aur Vargon ki Arthik Sahayata (VISVAS) Yojana,0,80,0.02,-99.975
Demand No. 93,Department of Social Justice and Empowerment,Pradhan Mantri Dakshta Aur Kushalta Sampann Hitgrahi (PM DAKSH) Yojana,68.23,84,92.47,10.08333333
Demand No. 93,Department of Social Justice and Empowerment,Venture Capital Fund for SCs and OBCs,90,110,92,-16.36363636
Demand No. 93,Department of Social Justice and Empowerment,Scholarships for Higher Education for Young Achievers Scheme (SHREYAS) for OBCs and EBCs,82.25,80,86,7.5
Demand No. 93,Department of Social Justice and Empowerment,Scheme for Economic Empowerment of DNT/NT/SNTs (SEED),0.21,28,40.4,44.28571429
Demand No. 93,Department of Social Justice and Empowerment,Support for Marginalized Individuals for Livelihood & Enterprise (SMILE),1.96,45,72.91,62.02222222
Demand No. 93,Department of Social Justice and Empowerment,Self Employment Scheme for Rehabilitation of Manual Scavengers,39,70,0,-100
Demand No. 93,Department of Social Justice and Empowerment,"Information, Monitoring, Evaluation and Social Audit",17.82,19.5,20,2.564102564
Demand No. 93,Department of Social Justice and Empowerment,National Action for Mechanised Sanitation Ecosystem (NAMASTE),0,0,97.41,
Demand No. 93,Department of Social Justice and Empowerment,Development Action Plan for SCs (DAPSC),0,0,0,
Demand No. 94,Department of Empowerment of Persons with Disabilities,Assistance to Disabled Persons for Purchase/Fitting of Aids and Applicances,198.7,235,245,4.255319149
Demand No. 94,Department of Empowerment of Persons with Disabilities,Deendayal Disabled Rehabilitation Scheme,100.89,125,130,4
Demand No. 94,Department of Empowerment of Persons with Disabilities,Support of National Trust,28.14,35,0,-100
Demand No. 94,Department of Empowerment of Persons with Disabilities,Scheme for implementation of Persons with Disability Act,108.44,240.39,150,-37.60139773
Demand No. 94,Department of Empowerment of Persons with Disabilities,Scholarship for Students with Disabilidties,120.32,105,155,47.61904762
Demand No. 95,Department of Space,Space Technology,8873.63,10534.5,9440.66,-10.3834069
Demand No. 95,Department of Space,Space Applications,1203.62,1482.8,1558.95,5.135554357
Demand No. 95,Department of Space,Space Sciences,190.36,206.11,138.8,-32.65731891
Demand No. 95,Department of Space,INSAT Satellite Systems,344.97,418.59,531,26.85443991
Demand No. 96,Ministry of Statistics and Programme Implementation,Member of Parliament Local Area Development Scheme (MPLAD),1732.12,3965,3958.5,-0.163934426
Demand No. 96,Ministry of Statistics and Programme Implementation,Capacity Development (CD),241.71,562.1,600,6.742572496
Demand No. 96,Ministry of Statistics and Programme Implementation,National programme for improving Quality of Statistics in India,0,0.01,0,-100
Demand No. 97,Ministry of Steel,Scheme for Promotion of Research and Development in Iron and Steel sector,4.81,4.49,10,122.7171492
Demand No. 97,Ministry of Steel,Flagging of Merchant Ships in India,1.32,0,14,
Demand No. 98,Ministry of Textiles,Amended Technology Upgradation Fund Scheme(ATUFS),625.31,650,900,38.46153846
Demand No. 98,Ministry of Textiles,Procurement of Cotton by Cotton Corporation under Price Support Scheme,8331.96,9243.09,0.01,-99.99989181
Demand No. 98,Ministry of Textiles,National Handloom Development Programme,187.28,200,200,0
Demand No. 98,Ministry of Textiles,Handloom Weaver Comprehensive Welfare Scheme (HWCWS),0.49,0,0,
Demand No. 98,Ministry of Textiles,Yarn Supply Scheme,89.53,0,0,
Demand No. 98,Ministry of Textiles,Trade Facilitation Centre and Crafts Museum,0.03,0,0,
Demand No. 98,Ministry of Textiles,Handloom Cluster Development Program - Handloom Mega Cluster,4.82,0,0,
Demand No. 98,Ministry of Textiles,Weavers Service Centre,47.57,0,0,
Demand No. 98,Ministry of Textiles,Other Handloom Schemes,31.21,0,0,
Demand No. 98,Ministry of Textiles,National Handicrafts Development Programme (NHDP),0,200,238.33,19.165
Demand No. 98,Ministry of Textiles,Training and Extension,13.39,0,0,
Demand No. 98,Ministry of Textiles,Design and Technical Upgradation Scheme,49.73,0,0,
Demand No. 98,Ministry of Textiles,Ambedkar Hasthshilp Vikas Yojana,34.28,0,0,
Demand No. 98,Ministry of Textiles,Marketing Support and Services,38.18,0,0,
Demand No. 98,Ministry of Textiles,Handicrafts Artisans comprehensive welfare scheme,13.2,0,0,
Demand No. 98,Ministry of Textiles,Research and Development - Handicrafts,7.19,0,0,
Demand No. 98,Ministry of Textiles,Human Resource Development- Handicrafts,19.75,0,0,
Demand No. 98,Ministry of Textiles,Infrastructure and Technology Development Scheme,40.25,0,0,
Demand No. 98,Ministry of Textiles,Handicraft Cluster Development Program - Handicraft Mega Cluster,11.66,20,40,100
Demand No. 98,Ministry of Textiles,Other Handicraft schemes,72.1,0,0,
Demand No. 98,Ministry of Textiles,Integrated Wool Development Programme,6.25,15,27.11,80.73333333
Demand No. 98,Ministry of Textiles,Central Silk Board,854.08,875,917.77,4.888
Demand No. 98,Ministry of Textiles,Scheme for Development of Jute Sector,36,70,100,42.85714286
Demand No. 98,Ministry of Textiles,Subsidy to Jute Corporation of India towards market operation,49.29,45,42,-6.666666667
Demand No. 98,Ministry of Textiles,"Others (IJIRA, COP JC)",1.65,0,0,
Demand No. 98,Ministry of Textiles,Power Tex India,29.61,0,0,
Demand No. 98,Ministry of Textiles,Comprehensive Powerloom Cluster Development Program - Powerloom Mega Cluster,6.8,0,0,
Demand No. 98,Ministry of Textiles,Integrated Processing Development Scheme,41.26,70,60,-14.28571429
Demand No. 98,Ministry of Textiles,Scheme for Integrated Textile Parks (SITP),55,0,0,
Demand No. 98,Ministry of Textiles,Assistant to Textile Committee,25,25,0,-100
Demand No. 98,Ministry of Textiles,Export Promotion Studies,1.73,0,0,
Demand No. 98,Ministry of Textiles,Production Linked Incentive (PLI) Scheme for Textiles,0,15,5,-66.66666667
Demand No. 98,Ministry of Textiles,"Others (TRAs, COP)",16.26,0,0,
Demand No. 98,Ministry of Textiles,Integrated Scheme for Skill Development,59.76,100,115,15
Demand No. 98,Ministry of Textiles,R and D Textiles,6,10,0.02,-99.8
Demand No. 98,Ministry of Textiles,National Institute of Fashion Technology (NIFT),90,120,0,-100
Demand No. 98,Ministry of Textiles,Technology Mission on Technical Textile,85.69,0,0,
Demand No. 98,Ministry of Textiles,National Technical Textiles Mission.,0,100,450,350
Demand No. 98,Ministry of Textiles,Textile Cluster Development Scheme,0,133.83,141.54,5.761040126
Demand No. 98,Ministry of Textiles,NER Textiles Promotion Scheme,13.6,0,0,
Demand No. 98,Ministry of Textiles,Scheme for Usage of Geotextiles in North East,0,0,0,
Demand No. 98,Ministry of Textiles,PM - MITRA,0,15,200,1233.333333
Demand No. 98,Ministry of Textiles,"Scheme for Protection of the Handlooms and Implementation of the Handlooms (Reservation of Articles for Production) Act, 1985",0,5,7,40
Demand No. 98,Ministry of Textiles,Raw Material Supply Scheme,0,105,160,52.38095238
Demand No. 99,Ministry of Tourism,Integrated Development of Tourist Circuits around specific themes (Swadesh Darshan),261.36,1181.3,1412,19.52933209
Demand No. 99,Ministry of Tourism,Development of Iconic Tourist Destinations,0,130,0,-100
Demand No. 99,Ministry of Tourism,"Pilgrimage Rejuvenation and Spiritual, Heritage Augmentation Drive (PRASHAD)",150,235,250,6.382978723
Demand No. 99,Ministry of Tourism,Other Support to Tourist Infrastructure,130.94,191.54,0,-100
Demand No. 99,Ministry of Tourism,Loan Guarantee Scheme for the Covid affected Tourism Service Sector,0,12.5,1,-92
Demand No. 99,Ministry of Tourism,Assistance to Central Agencies for Tourism Infrastructure Development,0,0,80,
Demand No. 99,Ministry of Tourism,Champion Services Sector Scheme,0,0,196.22,
Demand No. 99,Ministry of Tourism,Overseas Promotion and Publicity including Market Development Assistance,9.42,341,167,-51.02639296
Demand No. 99,Ministry of Tourism,Domestic Promotion and Publicity including Market Development Assistance,40,75,75,0
Demand No. 99,Ministry of Tourism,Assistance to IHMS/FCIs/IITTM/NIWS,73.9,70,70,0
Demand No. 99,Ministry of Tourism,Capacity Building for Service Providers,21.22,34,35,2.941176471
Demand No. 100,Ministry of Tribal Affairs,National Fellowship and Scholarship for Higher Education of ST Students,119.98,0,0,
Demand No. 100,Ministry of Tribal Affairs,Scholarship to the ST Students for Studies Abroad,4.95,0,0,
Demand No. 100,Ministry of Tribal Affairs,Institutional Support for Development and Marketing of Tribal Products (TRIFED etc.),113.06,0,0,
Demand No. 100,Ministry of Tribal Affairs,Aid to Voluntary Organisations Working for the Welfare of Scheduled Tribes,89.43,0,0,
Demand No. 100,Ministry of Tribal Affairs,Eklavya Model Residential School (EMRS),1057.74,0,0,
Demand No. 100,Ministry of Tribal Affairs,Marketing and Logistics Development for Promoting Tribal Products from North Eastern Region,36,0,0,
Demand No. 100,Ministry of Tribal Affairs,Aid to Voluntary Organizations working for the welfare of Scheduled Tribes,0,110,0,-100
Demand No. 100,Ministry of Tribal Affairs,Venture Capital Fund for Scheduled Tribes.,0,50,0,-100
Demand No. 100,Ministry of Tribal Affairs,Pradhan Mantri Jan Jatiya Vikas Mission (PMJVM),0,499,0,-100
Demand No. 100,Ministry of Tribal Affairs,"Tribal Research Information, Education, Communication and Events (TRI-ECE)",0,15,0,-100
Demand No. 100,Ministry of Tribal Affairs,"Monitoring, Evaluation, Survey, Social Audit (MESSA)",0,15,0,-100
Demand No. 100,Ministry of Tribal Affairs,National Fellowship and Scholarship for Higher Education of ST Students.,0,145,0,-100
Demand No. 100,Ministry of Tribal Affairs,National Overseas Scholarship Scheme,0,4,0,-100
Demand No. 100,Ministry of Tribal Affairs,Marketing and Logistics Development for Promoting Tribal Products from North Eastern Region.,0,107.53,20,-81.40053938
Demand No. 100,Ministry of Tribal Affairs,Eklavya Model Residential Schools (EMRS),0,2000,5943,197.15
Demand No. 100,Ministry of Tribal Affairs,National Tribal Welfare Program,0,0,655.49,
Demand No. 102,Ministry of Youth Affairs and Sports,National Service Scheme,170.64,283.5,325,14.63844797
Demand No. 102,Ministry of Youth Affairs and Sports,National Young Leaders Programme,4.66,12,0,-100
Demand No. 102,Ministry of Youth Affairs and Sports,National Programme for Youth and Adolescent Development,14.9,22,0,-100
Demand No. 102,Ministry of Youth Affairs and Sports,National Youth Corps,51.45,75,0,-100
Demand No. 102,Ministry of Youth Affairs and Sports,International Cooperation,8.89,20,0,-100
Demand No. 102,Ministry of Youth Affairs and Sports,Scouting and Guiding,0.38,1.5,0,-100
Demand No. 102,Ministry of Youth Affairs and Sports,Youth Hostel,1.99,7.5,0,-100
Demand No. 102,Ministry of Youth Affairs and Sports,Rashtriya Yuva Sashaktikaran Karyakaram,0,0,140.51,
Demand No. 102,Ministry of Youth Affairs and Sports,Assistance to Promotion of Sports Excellence,112.89,284,0,-100
Demand No. 102,Ministry of Youth Affairs and Sports,Incentive to Sports Persons,48.24,55,45,-18.18181818
Demand No. 102,Ministry of Youth Affairs and Sports,National Sports Development Fund,5,16,15,-6.25
Demand No. 102,Ministry of Youth Affairs and Sports,National Welfare Fund for Sports Persons,0,2,2,0
Demand No. 102,Ministry of Youth Affairs and Sports,Assistance to National Sports Federations,0,0,325,
Demand No. 102,Ministry of Youth Affairs and Sports,Scheme of Human Resource Development in Sports,0,0,3,
Demand No. 102,Ministry of Youth Affairs and Sports,National Centre of Sports Science & Research,0,0,13,
Demand No. 102,Ministry of Youth Affairs and Sports,Khelo India,764.28,974,1000,2.669404517
Demand No. 102,Ministry of Youth Affairs and Sports,Enhancement of Sports Facility at J& K,15,50,15,-70
Demand No. 102,Ministry of Youth Affairs and Sports,Commonwealth Games,59.67,30,30,0
